route_number,operator_ref,mean_headway_seconds,stddev_headway_seconds,headway_regularity_pct,meets_regularity_threshold
1,BLUS,85.0909090909091,186.07916203985482,218.6827759015388,False
1,SVCT,201.42857142857142,943.593573085802,468.4507100425967,False
1,TDTR,60.0,0.0,0.0,True
10,BLUS,524.1509433962265,3379.0698731377506,644.6749577980589,False
10,WDBC,71.48936170212765,78.76709540886306,110.18016322073107,False
101,SWWD,61.15384615384615,8.320502943378436,13.60585386967543,True
11,BLUS,430.90909090909093,2560.340886394906,594.1719356612651,False
11,TDTR,60.0,0.0,0.0,True
11,WDBC,60.0,0.0,0.0,True
112,WDBC,64.0,15.491933384829666,24.206145913796355,False
119,WDBC,360.0,1034.942453643168,287.48401490087997,False
12,BLUS,110.18181818181819,364.0079919202574,330.3702896966032,False
12,SVCT,60.0,0.0,0.0,True
12,TDTR,60.0,0.0,0.0,True
12,WDBC,60.0,0.0,0.0,True
120,TDTR,60.0,0.0,0.0,True
120,WDBC,60.0,0.0,0.0,True
13,BLUS,1387.9245283018868,9667.436490708733,696.5390620004933,False
13,TDTR,60.0,0.0,0.0,True
13,WDBC,451.6363636363636,2904.4530074916465,643.0954726732712,False
13A,WDBC,1274.1818181818182,9004.613363059061,706.6976811761535,False
14,BLUS,84.44444444444444,179.6292478040997,212.71884608380228,False
14,TDTR,60.0,0.0,0.0,True
14,WDBC,60.0,0.0,0.0,True
15,BLUS,60.0,0.0,0.0,True
15,TDTR,60.0,0.0,0.0,True
15,WDBC,80.72727272727273,153.71756864161918,190.41590710110484,False
152,TDTR,1046.4,4284.929871071405,409.49253355040184,False
153,TDTR,60.0,0.0,0.0,True
154,TDTR,843.8709677419355,4364.40883925063,517.1891208592108,False
155,TDTR,772.9411764705883,4157.1257038544145,537.8320925839045,False
156,TDTR,881.3793103448276,4423.262955377377,501.8569080827227,False
158,TDTR,60.0,0.0,0.0,True
159,TDTR,730.2857142857143,3965.4637631862,543.0016890121948,False
16,BLUS,1297.090909090909,9174.511728399797,707.3144730333457,False
16,TDTR,216.0,697.6532089799343,322.9875967499696,False
16,WDBC,1239.622641509434,8587.782458072039,692.7739273634978,False
17,BLUS,61.111111111111114,8.164965809277257,13.360853142453694,True
17,TDTR,60.0,0.0,0.0,True
17,WDBC,216.0,1156.9269639869235,535.6143351791313,False
18,BLUS,1065.8181818181818,7459.3472782933095,699.8705225283726,False
18,WDBC,60.0,0.0,0.0,True
19,BLUS,1469.4545454545455,9454.90964333538,643.4298816919647,False
193,WDBC,60.0,0.0,0.0,True
19a,BLUS,83.77358490566037,173.07431057534814,206.59771307417682,False
1A,TDTR,413.3333333333333,2596.4591273501683,628.1755953266536,False
1A,WDBC,60.0,0.0,0.0,True
1B,TDTR,60.0,0.0,0.0,True
1B,WDBC,60.0,0.0,0.0,True
1C,WDBC,318.94736842105266,1760.3547574794268,551.9264091107113,False
2,BLUS,61.111111111111114,8.164965809277257,13.360853142453694,True
2,SVCT,69.81818181818181,72.81358514603015,104.29029122478278,False
2,SWWD,90.63829787234043,210.04558775696813,231.74043719665497,False
2,TDTR,80.72727272727273,153.71756864161918,190.41590710110484,False
20,BLUS,60.0,0.0,0.0,True
20,DAMY,470.7692307692308,2094.5203232758054,444.91444775466454,False
20,WDBC,60.0,0.0,0.0,True
200,SVCT,1077.5,4984.711626563768,462.6182484049901,False
201,SVCT,1326.0,5661.724119029467,426.9776862013173,False
202,SVCT,60.0,0.0,0.0,True
203,SVCT,60.0,0.0,0.0,True
204,SVCT,60.0,0.0,0.0,True
205,SVCT,491.3207547169811,3140.0624918670314,639.1064211557322,False
206,SVCT,60.0,0.0,0.0,True
207,SVCT,690.0,3883.5808218704547,562.8378002710804,False
208,SVCT,622.1052631578947,3455.06690817581,555.383005544335,False
209,SVCT,16560.0,,,False
21,TDTR,60.0,0.0,0.0,True
21,WDBC,1377.7358490566037,9593.261786176445,696.3063197306925,False
211,SVCT,60.0,0.0,0.0,True
212,SVCT,533.8775510204082,3317.1428571428573,621.3302752293578,False
213,SVCT,546.25,3368.838820721466,616.7210655783005,False
217,TDTR,268.0,805.5805360111427,300.5897522429637,False
22,TDTR,65.0,24.23291238281506,37.28140366586932,False
22,WDBC,301.1111111111111,1771.797580613165,588.4198607202394,False
23,BLUS,285.0,779.4228634059948,273.4817064582438,False
23,TDTR,60.0,0.0,0.0,True
24,BLUS,69.05660377358491,65.93307069537073,95.4768510069576,False
24,WDBC,60.0,0.0,0.0,True
25,SWWD,182.6086956521739,422.90357155034707,231.59005108709482,False
25,WDBC,60.0,0.0,0.0,True
26,SWWD,60.0,0.0,0.0,True
26,WDBC,60.0,0.0,0.0,True
29,SWWD,155.0943396226415,692.2972423013925,446.37170124055723,False
2A,SWWD,60.0,0.0,0.0,True
3,BLUS,383.3333333333333,2367.7001021212354,617.6608962055398,False
3,SVCT,116.72727272727273,420.70071417706305,360.41338441960227,False
3,WDBC,60.0,0.0,0.0,True
30,WDBC,172.22222222222223,678.2265071261617,393.80893962164225,False
31,WDBC,1315.5555555555557,9226.411364483307,701.3319449353864,False
32,WDBC,60.0,0.0,0.0,True
33,WDBC,60.0,0.0,0.0,True
35,WDBC,60.0,0.0,0.0,True
36,WDBC,60.0,0.0,0.0,True
37,SVCT,60.0,0.0,0.0,True
38,SVCT,77.14285714285714,111.09841197270616,144.0164599646191,False
38,WDBC,60.0,0.0,0.0,True
3x,WDBC,60.0,0.0,0.0,True
4,BLUS,76.36363636363636,121.35597524338358,158.91853900919278,False
4,SVCT,1338.1132075471698,9304.804601884196,695.3675181893152,False
4,WDBC,60.0,0.0,0.0,True
40,WDBC,112.0754716981132,379.1151564983817,338.26773222919576,False
42,TDTR,100.64516129032258,226.30268055373637,224.85202234505857,False
44,SWWD,457.89473684210526,1245.023779100751,271.90174486108356,False
48,TDTR,60.0,0.0,0.0,True
48A,TDTR,60.0,0.0,0.0,True
5,BLUS,207.77777777777777,1085.9404526338758,522.6451376312771,False
5,DAMY,60.0,0.0,0.0,True
5,SVCT,60.0,0.0,0.0,True
5,TDTR,187.63636363636363,672.1165122659955,358.2016295991255,False
5,WDBC,110.18181818181819,364.0079919202574,330.3702896966032,False
50,WDBC,1283.5714285714287,8355.910358666968,650.9891208755568,False
503,BLUS,60.0,0.0,0.0,True
504,BLUS,705.4054054054054,3925.8478168519314,556.5378131169405,False
538,BLUS,652.8571428571429,3842.153414056089,588.5136520436023,False
539,BLUS,1395.7894736842106,5822.571325634857,417.1525459542318,False
59,SVCT,60.0,0.0,0.0,True
6,DAMY,68.4,51.442855159281116,75.20885257204841,False
6,SVCT,310.90909090909093,1176.8679542829695,378.5247806173293,False
6,WDBC,284.72727272727275,1172.1329948328207,411.66867634613754,False
60,WDBC,1433.2075471698113,9997.101844185587,697.5334356790892,False
603,SWWD,60.0,0.0,0.0,True
61,BLUS,60.0,0.0,0.0,True
625,SWWD,60.0,0.0,0.0,True
63,SVCT,60.0,0.0,0.0,True
635,BLUS,60.0,0.0,0.0,True
650,SWWD,60.0,0.0,0.0,True
66,SWWD,295.6363636363636,1123.022976639662,379.8663205115708,False
663,SWWD,60.0,0.0,0.0,True
68,SVCT,60.0,0.0,0.0,True
7,BLUS,60.0,0.0,0.0,True
7,SVCT,171.27272727272728,579.9331204909961,338.6021404140635,False
70,WDBC,1367.5471698113208,9519.08708164415,696.070109446937,False
744,WDBC,60.0,0.0,0.0,True
757,BLUS,60.0,0.0,0.0,True
761,WDBC,71.25,45.0,63.1578947368421,False
762,WDBC,60.0,0.0,0.0,True
775,WDBC,60.0,0.0,0.0,True
777,WDBC,60.0,0.0,0.0,True
7A,WDBC,60.0,0.0,0.0,True
7B,WDBC,60.0,0.0,0.0,True
8,BLUS,60.0,0.0,0.0,True
8,SVCT,158.1818181818182,728.1358514603015,460.3157681645584,False
8,SWWD,60.0,0.0,0.0,True
8,WDBC,74.44444444444444,74.57215491930064,100.1715513841352,False
80,TDTR,84.44444444444444,179.6292478040997,212.71884608380228,False
81,WDBC,80.72727272727273,153.71756864161918,190.41590710110484,False
82,WDBC,60.0,0.0,0.0,True
842,TDTR,60.0,0.0,0.0,True
86,WDBC,117.77777777777777,400.37089722644913,339.93755424887195,False
88,SWWD,63.673469387755105,19.005906708071528,29.84902015049695,False
9,BLUS,62.18181818181818,16.18079669911781,26.021749077528643,False
9,SVCT,1282.909090909091,9069.336549855534,706.935246941687,False
9,TDTR,63.39622641509434,24.72490151076402,39.0005886925742,False
9,WDBC,60.0,0.0,0.0,True
901,SWWD,60.0,0.0,0.0,True
906,SWWD,60.0,0.0,0.0,True
907,SWWD,60.0,0.0,0.0,True
908,SWWD,496.15384615384613,3145.1501125970494,633.9062242443666,False
920,TDTR,60.0,0.0,0.0,True
926,SWWD,60.0,0.0,0.0,True
927,SWWD,60.0,0.0,0.0,True
929,SWWD,60.0,0.0,0.0,True
937,SWWD,60.0,0.0,0.0,True
940,WDBC,60.0,0.0,0.0,True
941,WDBC,60.0,0.0,0.0,True
949,DAMY,536.0869565217391,3219.947879675397,600.6391016426126,False
978,SWWD,60.0,0.0,0.0,True
987,SWWD,60.0,0.0,0.0,True
A,WDBC,826.875,4338.1001025794685,524.6379564721957,False
B,WDBC,708.6486486486486,3945.5756953285745,556.7746023156265,False
C,WDBC,904.1379310344828,4545.82187857423,502.7796890871574,False
CR7,DAMY,466.41509433962267,2958.7465474547616,634.3590898669189,False
CR8,DAMY,91.11111111111111,228.61904265976332,250.9233395046183,False
CR9,DAMY,660.0,2765.347144136918,418.9919915358966,False
D2,SWWD,60.0,0.0,0.0,True
D3,SWWD,60.0,0.0,0.0,True
L3,WDBC,512.4,3198.951078087941,624.3073922888253,False
L5,WDBC,2060.0,6928.203230275509,336.3205451590053,False
MHDRT,SWWD,60.0,0.0,0.0,True
NFB,WDBC,63.673469387755105,25.71428571428571,40.38461538461538,False
NFG,BLUS,60.0,0.0,0.0,True
NFR,WDBC,63.6,18.818141485800123,29.588272776415288,False
NW2,TDTR,559.0243902439024,3082.1095088251236,551.3372158020509,False
ONE,WDBC,303.39622641509436,1771.9512749380883,584.0386664907878,False
PD3,SWWD,60.0,0.0,0.0,True
PR11,SWWD,60.0,0.0,0.0,True
PR15,SWWD,60.0,0.0,0.0,True
PR3,SWWD,596.6666666666666,3943.678485880917,660.9517015442877,False
PR7,SWWD,60.0,0.0,0.0,True
PR9,SWWD,210.0,1102.2703842524302,524.8906591678239,False
PRH,BLUS,463.84615384615387,2746.6201360846576,592.1403278457802,False
PVDRT,SWWD,62.35294117647059,11.76235270583528,18.86415056596224,True
Q1,WDBC,60.0,0.0,0.0,True
Q7,WDBC,916.551724137931,4612.6722003179675,503.26370883830344,False
QC,BLUS,60.0,0.0,0.0,True
R1,SWWD,60.0,0.0,0.0,True
R10,SWWD,157.77777777777777,718.5169912163988,455.3980930244781,False
R12,SWWD,60.0,0.0,0.0,True
R14,SWWD,60.0,0.0,0.0,True
R2,SWWD,62.4,16.97056274847714,27.196414661021056,False
R23,TDTR,60.0,0.0,0.0,True
R24,TDTR,60.0,0.0,0.0,True
R26,TDTR,60.0,0.0,0.0,True
R4,SWWD,60.0,0.0,0.0,True
R5,SWWD,81.50943396226415,156.5910429015055,192.11401096712478,False
R6,SWWD,60.0,0.0,0.0,True
R8,SWWD,60.0,0.0,0.0,True
SL,SVCT,6894.545454545455,22667.62288535627,328.7761758160852,False
SSS,TDTR,60.0,0.0,0.0,True
ST,SWWD,138.88888888888889,471.11936822794377,339.2059451241195,False
TB1,SQ,60.0,0.0,0.0,True
TDB,SVCT,60.0,0.0,0.0,True
TM1,SQ,60.0,0.0,0.0,True
TNB,SVCT,60.0,0.0,0.0,True
TPDRT,SWWD,60.0,0.0,0.0,True
TW1,SQ,61.1764705882353,8.40168050416806,13.73351620873625,True
TW2,SQ,60.0,0.0,0.0,True
U1,WDBC,61.15384615384615,8.320502943378438,13.605853869675432,True
U1A,UNIL,1358.9473684210527,7720.111417638471,568.0949532731639,False
U1C,UNIL,1373.5714285714287,8072.852921100092,587.7272017441564,False
U2B,UNIL,88.33333333333333,131.83322798141597,149.2451637525464,False
U2C,UNIL,60.0,0.0,0.0,True
U3,WDBC,60.0,0.0,0.0,True
U6C,UNIL,60.0,0.0,0.0,True
U6H,UNIL,440.0,2792.418306772823,634.6405242665508,False
X2,SWWD,60.0,0.0,0.0,True
X3,WDBC,60.0,0.0,0.0,True
X4,SWWD,543.2727272727273,2976.808541191235,547.9399925218137,False
X46,TDTR,60.0,0.0,0.0,True
X5,SWWD,456.42857142857144,2321.8084084855673,508.690418134553,False
X6,WDBC,454.90909090909093,2737.850517202401,601.8456372747085,False
X7,SWWD,327.27272727272725,1862.5007626600022,569.0974552572229,False
X76,TDTR,60.0,0.0,0.0,True
X7R,SWWD,60.0,0.0,0.0,True
X8,DAMY,477.77777777777777,3070.02714428825,642.5638208975407,False
m1,WDBC,60.0,0.0,0.0,True
m2,WDBC,288.62068965517244,1033.0409007983774,357.9233706469886,False
